insert into Utente (username, password) values ('epearse0', '88fHehG1');
insert into Utente (username, password) values ('clinggard1', 'imVtExE3X');
insert into Utente (username, password) values ('cgogay2', 'IUHbVn7');
insert into Utente (username, password) values ('reast3', 'PVBVEfHLwle');
insert into Utente (username, password) values ('jdalglish4', '9mI33rrWe');
insert into Utente (username, password) values ('celiot5', 'FODGdG3C3');
insert into Utente (username, password) values ('jwrightim6', 'Zz3bQUu4b');
insert into Utente (username, password) values ('gtwede7', '5N8Um0sxl');
insert into Utente (username, password) values ('rjedrzejkiewicz8', 'eEL19Gl2TYT');
insert into Utente (username, password) values ('rsime9', 'ySmcPb1bpXV');
insert into Utente (username, password) values ('challexa', 'v84DakWRi');
insert into Utente (username, password) values ('blevenskyb', 'ne3YX3X2za');
insert into Utente (username, password) values ('kbrodbinc', 'Vlkjx1');
insert into Utente (username, password) values ('tbillitterid', 'QfjIa4E2ftuJ');
insert into Utente (username, password) values ('tboardmane', 'uqFBILB');
insert into Utente (username, password) values ('mhellyarf', 'TpLWjY87K');
insert into Utente (username, password) values ('efurneauxg', '8q2tLoRXplp');
insert into Utente (username, password) values ('cpoultneyh', 'c8Fr7fEEP');
insert into Utente (username, password) values ('kpartkyai', 'LWN9Bxv1WyY');
insert into Utente (username, password) values ('pscutchingj', 'UVTFbY7Nz6');
insert into Utente (username, password) values ('stolchark', 'FrPpMoz');
insert into Utente (username, password) values ('lhryncewiczl', '7Eda8JoXmSoN');
insert into Utente (username, password) values ('dkingsmillm', 'xuQuwlQdL');
insert into Utente (username, password) values ('shalbertn', 'H2mTee');
insert into Utente (username, password) values ('tthurlowo', 'RWIVCGgT6z5');
insert into Utente (username, password) values ('rtowllp', 'Utqeals2');
insert into Utente (username, password) values ('nbakeyq', 'HjeJNJNSyujL');
insert into Utente (username, password) values ('cbrindleyr', 'GtE7GIYP0RK');
insert into Utente (username, password) values ('ahessles', '6ktckI');
insert into Utente (username, password) values ('rwynrahamet', 'gRVHwG');
insert into Utente (username, password) values ('bgligorijevicu', 'qOsKG5vir4P');
insert into Utente (username, password) values ('ugeev', 'peejhNBdKO');
insert into Utente (username, password) values ('oheynelw', 'lOXhmWw');
insert into Utente (username, password) values ('sredgrovex', '9V4zUSoxy8G3');
insert into Utente (username, password) values ('gmcruviey', 'hEAK6YH');
insert into Utente (username, password) values ('eguarnierz', 'YJQiuGXPVZY2');
insert into Utente (username, password) values ('pmcelroy10', 'vPFHH1Zn');
insert into Utente (username, password) values ('ofinlry11', 'd8hHwRnT');
insert into Utente (username, password) values ('tbeig12', 'MWxePi8OJzf9');
insert into Utente (username, password) values ('opolland13', 'RxHV3q');
insert into Utente (username, password) values ('psilbersak14', 'd8ZiZ9wpV4o');
insert into Utente (username, password) values ('user', 'pass');
insert into Utente (username, password) values ('bdutson16', 'ef2KdGnZmyhN');
insert into Utente (username, password) values ('dhawlgarth17', 'QVuW5fy');
insert into Utente (username, password) values ('mglencrosche18', '5x1F8Fnk7');
insert into Utente (username, password) values ('jcotgrave19', 'jShDrc1Wa');
insert into Utente (username, password) values ('miacivelli1a', 'fLGc9SQuW7r');
insert into Utente (username, password) values ('ckelston1b', '64msBccFgE0');
insert into Utente (username, password) values ('jpapez1c', 'MSmqrj5kl');
insert into Utente (username, password) values ('ckipping1d', '7IKxUk');
insert into Utente (username, password) values ('adiviny1e', 'd6UNcFzaaL');
insert into Utente (username, password) values ('bscrowston1f', 'vB1iFky');
insert into Utente (username, password) values ('esilbert1g', 'crWlpKW4Mq');
insert into Utente (username, password) values ('sscholfield1h', 'eNfTM5sN');
insert into Utente (username, password) values ('ptaborre1i', 'zRn3aPFLl');
insert into Utente (username, password) values ('hhardwidge1j', '1jfjajGqh2N');
insert into Utente (username, password) values ('hrawood1k', 'gyy89m2IL2vV');
insert into Utente (username, password) values ('mmatejic1l', 'FRVlPHb0hJ');
insert into Utente (username, password) values ('cmelia1m', 'Obbj94dgFb');
insert into Utente (username, password) values ('lpennicard1n', 'N5KG6UJa8c');
insert into Utente (username, password) values ('lpacht1o', '0e0487YaKv');
insert into Utente (username, password) values ('arodenburg1p', '6a2m9BOGG');
insert into Utente (username, password) values ('cbrambill1q', 'PZKhgYxw');
insert into Utente (username, password) values ('bmaffei1r', 'BiMo2dAqD6u');
insert into Utente (username, password) values ('ttille1s', 'upu4PR8hS');
insert into Utente (username, password) values ('jaery1t', '3bwRcG7F');
insert into Utente (username, password) values ('jpoinsett1u', '7eyff2gXK2');
insert into Utente (username, password) values ('dredolfi1v', 'EMc0CFaKKt');
insert into Utente (username, password) values ('mgilleson1w', 'axlQbRBtBDs');
insert into Utente (username, password) values ('bquidenham1x', 'yYfxf8HtWET');
insert into Utente (username, password) values ('sbellsham1y', '0lfMtKB');
insert into Utente (username, password) values ('rciccetti1z', 'VtfHWNf7Lbli');
insert into Utente (username, password) values ('smcgookin20', 'bGnKUj4Fc');
insert into Utente (username, password) values ('mgrinstead21', 'uDgqELERIdgn');
insert into Utente (username, password) values ('mmathey22', 'vp4kzq2');
insert into Utente (username, password) values ('afenelow23', 'pBcjCGq');
insert into Utente (username, password) values ('bwhitmore24', 'hkmjPzxL');
insert into Utente (username, password) values ('halcide25', 'KxPCPi');
insert into Utente (username, password) values ('bcreber26', 'n0sytFzyAbK');
insert into Utente (username, password) values ('bballister27', 'FVrgKoD');
insert into Utente (username, password) values ('cscurrah28', 'HleDWNg');
insert into Utente (username, password) values ('cgutridge29', 'lPeiNlGjiSv');
insert into Utente (username, password) values ('slishman2a', 'hnDh36');
insert into Utente (username, password) values ('dcutridge2b', 'V8hK4pb10aqm');
insert into Utente (username, password) values ('jpeers2c', 'F667HfccVP');
insert into Utente (username, password) values ('bgladman2d', 'VKAb4GpUg');
insert into Utente (username, password) values ('vfautly2e', '6F9lc6S8Z');
insert into Utente (username, password) values ('beisikovitsh2f', 'Dddt8mcj');
insert into Utente (username, password) values ('gwoodroffe2g', 'ZdGB3UPu');
insert into Utente (username, password) values ('mkeattch2h', 'I93s0jpH');
insert into Utente (username, password) values ('oportchmouth2i', 'h2OG86zH4');
insert into Utente (username, password) values ('dtremblot2j', 'cdbfEbrN');
insert into Utente (username, password) values ('rnodin2k', 'FJXacN9WMRn');
insert into Utente (username, password) values ('twidmore2l', '0LtgONCVC2i');
insert into Utente (username, password) values ('msnowding2m', 'KCY6m030');
insert into Utente (username, password) values ('gsmith2n', 'HDn2Cq');
insert into Utente (username, password) values ('dkemmish2o', 'ONeOwM');
insert into Utente (username, password) values ('iackermann2p', 'rH5mloixAE9');
insert into Utente (username, password) values ('bnimmo2q', 'ET0Hea');
insert into Utente (username, password) values ('smelby2r', 'FSPQTmdCEf');

insert into stanza(id_stanza, nome_stanza, nome_admin) values (1, 'chat friend', 'ugeev');
insert into stanza(id_stanza, nome_stanza, nome_admin) values (2, 'family', 'ttille1s');
insert into stanza(id_stanza, nome_stanza, nome_admin) values (3, 'games', 'celiot5');
insert into stanza(id_stanza, nome_stanza, nome_admin) values (4, 'room1', 'user');

insert into richiesta_stanza(utente, id_stanza) values ('bmaffei1r', 2);

insert into appartenenza_stanza(username, id_stanza) values ('user', 1);
insert into appartenenza_stanza(username, id_stanza) values ('rciccetti1z', 1);
insert into appartenenza_stanza(username, id_stanza) values ('mgilleson1w', 3);
insert into appartenenza_stanza(username, id_stanza) values ('sbellsham1y', 1);
insert into appartenenza_stanza(username, id_stanza) values ('jcotgrave19', 1);
insert into appartenenza_stanza(username, id_stanza) values ('ahessles', 2);

